UserId,FirstName,LastName,Version,InsuranceCompany
100036,Juliane,Ader,3,Quest Insurance
100227,Sonni,Adlare,1,Quest Insurance
100629,Liana,Agle,2,Quest Insurance
100775,Meriel,Alarise,1,Quest Insurance
100683,Edith,Allare,3,Quest Insurance
100172,Janeczka,Alrich,2,Quest Insurance
100027,Brandise,Amand,2,Quest Insurance
100468,Sharai,Andrel,3,Quest Insurance
100365,Celisse,Angelis,1,Quest Insurance
100066,Clementine,Anis,2,Quest Insurance
100049,Leeanne,Anis,1,Quest Insurance
100659,Ashlee,Annice,2,Quest Insurance
100525,Farrah,Argus,1,Quest Insurance
100823,Louella,Arquit,3,Quest Insurance
100451,Oona,Ashok,3,Quest Insurance
100464,Shirlee,Ashok,1,Quest Insurance
100617,Ilse,Atcliffe,3,Quest Insurance
100919,Tarra,Atonsah,2,Quest Insurance
100239,Goldie,Audly,3,Quest Insurance
100418,Gretal,Autrey,2,Quest Insurance
100623,Minda,Autrey,1,Quest Insurance
100928,Millie,Baptlsta,2,Quest Insurance
100731,Sophia,Bendick,3,Quest Insurance
100686,Elora,Blake,3,Quest Insurance
100498,Yolane,Bluh,3,Quest Insurance
100944,Cecile,Brady,3,Quest Insurance
100777,Ketti,Brunell,3,Quest Insurance
100773,Grier,Buckler,1,Quest Insurance
100971,Karina,Burkle,1,Quest Insurance
100615,Allis,Capello,2,Quest Insurance
100226,Drucie,Catie,2,Quest Insurance
100960,Inga,Chaing,3,Quest Insurance
100078,Ingrid,Chaing,3,Quest Insurance
100129,Diena,Chesna,1,Quest Insurance
100597,Donnie,Claudine,2,Quest Insurance
100521,Lusa,Cloris,2,Quest Insurance
100868,Madelle,Couture,3,Quest Insurance
100614,Lucille,Cressida,2,Quest Insurance
100047,Penelopa,Danby,1,Quest Insurance
100028,Olivette,Decato,2,Quest Insurance
100639,Arlina,Dowski,1,Quest Insurance
100086,Frieda,Dudley,1,Quest Insurance
100529,Sue,Dulciana,2,Quest Insurance
100406,Phedra,Dyche,3,Quest Insurance
100309,Shell,Dyche,1,Quest Insurance
100774,Margette,Engdahl,1,Quest Insurance
100104,Steffane,Erb,3,Quest Insurance
100733,Vere,Even,1,Quest Insurance
100417,Caryl,Federica,1,Quest Insurance
100073,Ninnetta,Felizio,1,Quest Insurance
100613,Beverley,Fillbert,3,Quest Insurance
100329,Shel,Firmin,2,Quest Insurance
100271,Carree,Florina,3,Quest Insurance
100215,Nananne,Fontana,3,Quest Insurance
100562,Ann-Marie,Francyne,1,Quest Insurance
100102,Loree,Franza,1,Quest Insurance
100461,Wendi,Gaal,2,Quest Insurance
100452,Priscilla,Gahl,2,Quest Insurance
100171,Janeczka,Garek,3,Quest Insurance
100717,Jacenta,Gaynor,3,Quest Insurance
100616,Justinn,Gemini,3,Quest Insurance
100166,Tybie,Georas,1,Quest Insurance
100384,Roberta,Georgy,3,Quest Insurance
100674,Dulcinea,Gerge,1,Quest Insurance
100455,Aryn,Gillan,1,Quest Insurance
100640,Ileana,Girardo,3,Quest Insurance
100575,Kirstin,Glovsky,3,Quest Insurance
100280,Clementine,Goerke,2,Quest Insurance
100359,Myriam,Goldina,3,Quest Insurance
100884,Caritta,Grayce,1,Quest Insurance
100889,Lanna,Grayce,3,Quest Insurance
100302,Sadie,Gualtiero,2,Quest Insurance
100967,Paule,Guthrie,2,Quest Insurance
100559,Ellette,Gwenore,2,Quest Insurance
100764,Joelly,Helve,2,Quest Insurance
100207,Addia,Hermes,1,Quest Insurance
100262,Jasmina,Hermes,3,Quest Insurance
100426,Damaris,Hirsch,3,Quest Insurance
100188,Lorenza,Huggins,2,Quest Insurance
100414,Silvana,Iaverne,2,Quest Insurance
100990,Yvonne,Irmine,1,Quest Insurance
100901,Margalo,Jaylene,3,Quest Insurance
100896,Kayla,Kaete,3,Quest Insurance
100797,Vanessa,Keelia,3,Quest Insurance
100231,Nelle,Kevon,2,Quest Insurance
100822,Kary,Kiersten,3,Quest Insurance
100665,Almeta,Kinnard,3,Quest Insurance
100360,Laurene,Kolnick,1,Quest Insurance
100425,Meriel,LaRue,2,Quest Insurance
100973,Sissy,Larochelle,1,Quest Insurance
100796,Heddie,Leifeste,2,Quest Insurance
100922,Kary,Leifeste,2,Quest Insurance
100705,Christy,Leonard,3,Quest Insurance
100334,Paulita,Lesley,3,Quest Insurance
100699,Renae,Lesley,3,Quest Insurance
100075,Pearline,Liebermann,2,Quest Insurance
100205,Leanna,Lindemann,2,Quest Insurance
100054,Beth,Lynn,1,Quest Insurance
100795,Marleah,Malanie,3,Quest Insurance
100848,Lorne,Mandler,2,Quest Insurance
100389,Kayla,Manolo,1,Quest Insurance
100419,Consuela,Maribeth,2,Quest Insurance
100398,Alie,Marisa,2,Quest Insurance
100290,Nikki,Marlie,3,Quest Insurance
100222,Modestia,Mehalek,1,Quest Insurance
100793,Cherilyn,Melony,3,Quest Insurance
100878,Cam,Michella,1,Quest Insurance
100787,Marita,Michella,3,Quest Insurance
100033,Iseabal,Modie,1,Quest Insurance
100745,Ana,Monk,2,Quest Insurance
100883,Tobe,Morehouse,3,Quest Insurance
100428,Gratia,Mozelle,1,Quest Insurance
100994,Flory,Muriel,3,Quest Insurance
100143,Ardenia,Myrilla,3,Quest Insurance
100090,Alameda,Naashom,3,Quest Insurance
100906,Nessie,Natalia,1,Quest Insurance
100646,Maryellen,Nerita,1,Quest Insurance
100471,Lonnie,Neva,2,Quest Insurance
100448,Dania,Nikaniki,2,Quest Insurance
100313,Gwyneth,Norvol,1,Quest Insurance
100089,Lolita,Norvol,1,Quest Insurance
100186,Kayla,O'Carroll,2,Quest Insurance
100301,Marguerite,O'Neill,2,Quest Insurance
100628,Raina,O'Neill,3,Quest Insurance
100379,Karolina,Ogren,1,Quest Insurance
100263,Ashlee,Oriana,2,Quest Insurance
100722,Tilly,Oriana,2,Quest Insurance
100910,Adelle,Orpah,2,Quest Insurance
100153,Roslyn,Parette,1,Quest Insurance
100813,Ketti,Pearse,2,Quest Insurance
100497,Marcy,Peonir,2,Quest Insurance
100032,Meg,Peonir,3,Quest Insurance
100713,Jinny,Pierette,3,Quest Insurance
100558,Catrina,Podvin,1,Quest Insurance
100992,Bobbi,Posner,2,Quest Insurance
100278,Bettine,Raul,2,Quest Insurance
100442,Stacey,Riva,1,Quest Insurance
100744,Vita,Roche,1,Quest Insurance
100353,Gavrielle,Roscoe,2,Quest Insurance
100719,Deirdre,Rosette,2,Quest Insurance
100999,Ermengarde,Roxanna,2,Quest Insurance
100820,Korrie,Roxanna,1,Quest Insurance
100004,Sheelagh,Roxanna,3,Quest Insurance
100021,Annora,Rurik,2,Quest Insurance
100514,Lolita,Rurik,1,Quest Insurance
100304,Grier,Ruvolo,1,Quest Insurance
100410,Jenda,Salchunas,1,Quest Insurance
100242,Philis,Sasnett,2,Quest Insurance
100932,Wynne,Schonfeld,3,Quest Insurance
100729,Shaylyn,Schroth,3,Quest Insurance
100802,Steffane,Screens,2,Quest Insurance
100015,Lindie,Sheng,2,Quest Insurance
100482,Sean,Sigfrid,3,Quest Insurance
100435,Caryl,Silvan,3,Quest Insurance
100993,Chickie,Standing,3,Quest Insurance
100838,Miquela,Stevy,3,Quest Insurance
100537,Angelique,Stover,2,Quest Insurance
100287,Benita,Swanhildas,2,Quest Insurance
100748,Amelia,Tatianas,2,Quest Insurance
100677,Ashlee,Tayib,3,Quest Insurance
100931,Evaleen,Thema,1,Quest Insurance
100264,Monika,Thornburg,3,Quest Insurance
100046,Corene,Tjon,1,Quest Insurance
100732,Adelle,Trey,3,Quest Insurance
100256,Lenna,Valoniah,2,Quest Insurance
100466,Shaylyn,Vernier,2,Quest Insurance
100183,Edee,Vilma,3,Quest Insurance
100170,Celestyna,Waldron,3,Quest Insurance
100771,Averyl,Wandie,3,Quest Insurance
100373,Gretal,Wareing,1,Quest Insurance
100995,Miquela,Xerxes,3,Quest Insurance
100885,Bibby,Zenas,3,Quest Insurance
100784,Felice,Zrike,2,Quest Insurance
